emoji,tt,tt_text,ru,en,tr,fi
🌲,Шүрәле,Шүрәле урманда яши. Аның озын бармаклары бар.,Лесной дух с рогом на лбу и очень длинными пальцами. Заманивает путников в чащу и щекочет до смерти. Самый известный герой — из поэмы Габдуллы Тукая «Шурале»: дровосек Былтыр зажал ему пальцы в бревне.,"A forest spirit with a horn on its forehead and very long fingers. It lures travellers into the thicket and tickles them to death. Most famous from Gabdulla Tukay's poem, where the woodcutter Byltyr traps its fingers in a log.","Alnında boynuz, çok uzun parmakları olan bir orman ruhu. Yolcuları ormanın derinliklerine çekip gıdıklayarak öldürür. En ünlüsü Abdullah Tukay'ın şiirindeki Şüräle'dir: oduncu Bıltır onun parmaklarını kütüğe sıkıştırır.","Metsänhenki, jolla on sarvi otsassa ja hyvin pitkät sormet. Se houkuttelee kulkijat tiheikköön ja kutittaa heidät kuoliaaksi. Tunnetuin Gabdulla Tukain runosta, jossa puunhakkaaja Byltyr jumittaa sen sormet tukkiin."
🧜‍♀️,Су анасы,Су анасы суда яши. Аның алтын тарагы бар.,"«Водяная мать» — дух рек и озёр, длинноволосая женщина, расчёсывающая волосы золотым гребнем. Если взять её гребень, она придёт за ним ночью. Известна по стихотворению Тукая «Су анасы».","The 'water mother' — a spirit of rivers and lakes, a long-haired woman combing her hair with a golden comb. Take her comb and she will come for it at night. Known from Tukay's poem 'Su anası'.","'Su anası' — nehir ve göllerin ruhu, saçlarını altın tarakla tarayan uzun saçlı bir kadın. Tarağını alan olursa gece gelip geri ister. Tukay'ın 'Su anası' şiirinden bilinir.","'Veden äiti' — jokien ja järvien henki, pitkähiuksinen nainen, joka kampaa hiuksiaan kultaisella kammalla. Jos otat kamman, hän tulee hakemaan sen yöllä. Tunnetaan Tukain runosta 'Su anası'."
🧛,Убыр,Убыр явыз рух. Төнлә ут булып оча.,"Злой дух, живущий в теле человека (чаще колдуна или колдуньи). Ночью вылетает огненным шаром или клубком, пьёт кровь и силы спящих. После смерти хозяина может не давать ему покоя в могиле.","An evil spirit that lives inside a person, often a witch. At night it flies out as a ball of fire, draining the blood and strength of sleepers. After its host dies it can keep the body restless in the grave.","Bir insanın, çoğunlukla bir büyücünün içinde yaşayan kötü ruh. Geceleri ateş topu olarak uçar, uyuyanların kanını ve gücünü emer. Sahibi ölünce mezarda bile huzur vermez.","Paha henki, joka asuu ihmisessä, usein noidassa. Yöllä se lentää ulos tulipallona ja imee nukkujien verta ja voimia. Isännän kuoltua se voi pitää ruumiin levottomana haudassa."
👻,Пәри,Пәри күзгә күренми торган рух.,"Невидимые духи, живущие в заброшенных домах, банях, оврагах. Бывают добрыми и злыми, играют свадьбы по ночам. Могут принять облик человека или животного. Слово пришло из персидского «пери».","Invisible spirits living in abandoned houses, bathhouses and ravines. They can be good or evil and hold weddings at night. They may take the form of a person or an animal. The word comes from Persian 'peri'.","Terk edilmiş evlerde, hamamlarda, vadilerde yaşayan görünmez ruhlar. İyi de kötü de olabilir, geceleri düğün yaparlar. İnsan ya da hayvan kılığına girebilirler. Kelime Farsça 'peri'den gelir.","Näkymättömiä henkiä, jotka asuvat hylätyissä taloissa, saunoissa ja rotkoissa. Ne voivat olla hyviä tai pahoja ja viettävät häitä öisin. Ne voivat ottaa ihmisen tai eläimen muodon. Sana tulee persian sanasta 'peri'."
😱,Албасты,Албасты йоклаган кешегә килә.,"Злой женский дух с длинными растрёпанными волосами. Наваливается на спящих и душит их, особенно опасен для рожениц и младенцев. Его боятся железа — поэтому под подушку клали нож или ножницы.","An evil female spirit with long dishevelled hair. It presses down on sleepers and chokes them, and is especially dangerous to new mothers and babies. It fears iron — so people put a knife or scissors under the pillow.","Uzun, dağınık saçlı kötü bir kadın ruhu. Uyuyanların üstüne çöker ve onları boğar; özellikle loğusalar ve bebekler için tehlikelidir. Demirden korkar — bu yüzden yastık altına bıçak ya da makas konurdu.","Paha naishenki, jolla on pitkät takkuiset hiukset. Se painaa nukkujia ja kuristaa heitä, ja on erityisen vaarallinen synnyttäjille ja vauvoille. Se pelkää rautaa — siksi tyynyn alle laitettiin veitsi tai sakset."
🏠,Өй иясе,Өй иясе йортны саклый.,"«Хозяин дома» — дух-хранитель жилища, живёт под полом или за печкой. Если в доме порядок и мир — помогает, если ссоры — шумит и проказничает. Похож на русского домового.",The 'master of the house' — a guardian spirit living under the floor or behind the stove. If the home is tidy and peaceful it helps; if there are quarrels it makes noise and mischief. Similar to the Slavic domovoi.,"'Evin sahibi' — döşeme altında ya da soba arkasında yaşayan koruyucu ruh. Evde düzen ve huzur varsa yardım eder, kavga varsa gürültü yapıp yaramazlık eder. Slavların domovoy'una benzer.","'Talon isäntä' — kodin suojelushenki, joka asuu lattian alla tai uunin takana. Jos kodissa on järjestys ja rauha, se auttaa; jos riidellään, se meluaa ja tekee kepposia. Muistuttaa slaavilaista domovoita."
🐴,Абзар иясе,"Абзар иясе атларны карый, ялларын үрә.","Дух хлева и двора. Любимых лошадей кормит и заплетает им гривы в косички, а нелюбимых гоняет ночью до пота. Поэтому хозяева старались ему угодить.","The spirit of the barn and yard. It feeds its favourite horses and braids their manes, but rides the ones it dislikes until they sweat all night. So owners tried to please it.","Ahırın ve avlunun ruhu. Sevdiği atları besler, yelelerini örer; sevmediklerini ise gece boyu terletene kadar koşturur. Bu yüzden ev sahipleri onu memnun etmeye çalışırdı.","Navetan ja pihan henki. Se ruokkii lempihevosiaan ja palmikoi niiden harjat, mutta ajattaa inhoamiaan hikeen koko yön. Siksi isännät yrittivät miellyttää sitä."
🧖,Мунча иясе,Мунча иясе мунчада яши.,"Дух бани. Не любит, когда моются поздно ночью или шумят. Чтобы не рассердить его, перед мытьём просили разрешения, а после оставляли немного воды.","The bathhouse spirit. It dislikes people washing late at night or being noisy. To avoid angering it, people asked permission before bathing and left a little water afterwards.","Hamamın ruhu. Gece geç saatte yıkanılmasından ve gürültüden hoşlanmaz. Onu kızdırmamak için yıkanmadan önce izin istenir, sonra biraz su bırakılırdı.","Saunan henki. Se ei pidä myöhäisestä yösaunasta eikä metelöinnistä. Jotta se ei suuttuisi, ennen peseytymistä pyydettiin lupa ja jälkeenpäin jätettiin vähän vettä."
🧙‍♀️,Бичура,Бичура өйдә яшәүче кечкенә рух.,"Маленький женский дух, живущий в доме, в большом головном уборе и с длинными косами. Ест еду хозяев, прячет вещи, может довести до разорения. Её «выпроваживали» обрядом в лес.","A small female house spirit with a big headdress and long braids. It eats the owners' food, hides things and can bring a household to ruin. People sent it away to the forest with a special ritual.","Büyük başlıklı, uzun örgülü küçük bir kadın ev ruhu. Ev sahiplerinin yemeğini yer, eşyaları saklar, evi yoksulluğa sürükleyebilir. Özel bir törenle ormana gönderilirdi.","Pieni naispuolinen kotihenki, jolla on iso päähine ja pitkät palmikot. Se syö isäntäväen ruoan, piilottaa tavaroita ja voi ajaa talouden perikatoon. Se saatettiin metsään erityisellä rituaalilla."
🔥,Җен,Җен уттан яралган күренмәс зат.,"Невидимые существа, созданные из огня (из исламской традиции). Живут рядом с людьми, бывают верующими и неверующими. Могут вселяться в человека — тогда звали муллу читать молитвы.","Invisible beings created from fire, from Islamic tradition. They live alongside people and can be believers or not. They may possess a person — then a mullah was called to read prayers.","İslam geleneğinden gelen, ateşten yaratılmış görünmez varlıklar. İnsanların yanında yaşarlar, inançlı da inançsız da olabilirler. İnsanın içine girebilirler — o zaman dua okuması için molla çağrılırdı.",Islamilaisesta perinteestä peräisin olevia tulesta luotuja näkymättömiä olentoja. Ne elävät ihmisten rinnalla ja voivat olla uskovia tai uskottomia. Ne voivat riivata ihmisen — silloin kutsuttiin mullah lukemaan rukouksia.
🐉,Аждаһа,Аждаһа күп башлы зур елан.,"Огромный змей-дракон, часто многоголовый, охраняет сокровища и пожирает людей. С ним сражаются герои сказок. Крылатый змей Зилант изображён на гербе Казани.","A huge serpent-dragon, often many-headed, guarding treasure and devouring people. Fairy-tale heroes fight it. The winged serpent Zilant appears on the coat of arms of Kazan.","Çoğu zaman çok başlı, hazine bekleyen ve insan yiyen dev bir yılan-ejderha. Masal kahramanları onunla savaşır. Kanatlı yılan Zilant, Kazan'ın armasında yer alır.","Valtava käärme-lohikäärme, usein monipäinen, joka vartioi aarteita ja ahmii ihmisiä. Satujen sankarit taistelevat sitä vastaan. Siivekäs käärme Zilant on Kazanin vaakunassa."
🐎,Тулпар,Тулпар канатлы ат.,"Крылатый или сказочно быстрый конь батыров. Понимает человеческую речь, спасает хозяина и переносит его через горы и моря. Символ свободы у тюркских народов.","The winged or magically swift horse of heroes. It understands human speech, rescues its rider and carries him over mountains and seas. A symbol of freedom among Turkic peoples.","Kahramanların kanatlı ya da masalsı hızdaki atı. İnsan dilini anlar, sahibini kurtarır, onu dağların ve denizlerin üstünden taşır. Türk halklarında özgürlüğün simgesidir.","Sankarien siivekäs tai satumaisen nopea hevonen. Se ymmärtää ihmisten puhetta, pelastaa ratsastajansa ja kantaa hänet vuorten ja merien yli. Turkkilaisten kansojen vapauden symboli."
🐺,Ак бүре,Ак бүре төрки халыкларның изге бүресе.,"Белый волк — священный предок и проводник тюркских народов. По легендам, волк выводил людей из беды и указывал путь. Считался покровителем воинов.",The white wolf — a sacred ancestor and guide of the Turkic peoples. In legends the wolf led people out of danger and showed the way. It was seen as a protector of warriors.,Ak kurt — Türk halklarının kutsal atası ve yol göstericisi. Efsanelere göre kurt insanları beladan kurtarıp yol gösterirdi. Savaşçıların koruyucusu sayılırdı.,Valkoinen susi — turkkilaisten kansojen pyhä esi-isä ja opas. Legendojen mukaan susi johdatti ihmiset hädästä ja näytti tien. Sitä pidettiin sotureiden suojelijana.
🐍,Елан патшасы,Елан патшасы таҗлы ак елан.,"Царь змей (Шахмар) — белый змей с короной на голове, правящий всеми змеями. Кто его обидит — тому мстит весь змеиный народ, а кто поможет — получит богатство или знание языка животных.","The king of snakes (Shahmar) — a white snake wearing a crown, ruler of all snakes. Whoever harms it faces the revenge of all snakes; whoever helps it receives wealth or the gift of understanding animals.","Yılanların padişahı (Şahmeran) — başında taç olan, tüm yılanları yöneten ak yılan. Ona zarar verenden bütün yılanlar öç alır; yardım edene zenginlik ya da hayvan dilini anlama yeteneği verir.","Käärmeiden kuningas (Shahmar) — kruunupäinen valkoinen käärme, kaikkien käärmeiden hallitsija. Joka vahingoittaa sitä, saa kaikkien käärmeiden koston; joka auttaa, saa rikkautta tai kyvyn ymmärtää eläimiä."
